市区町村名,都道府県,緯度,経度
札幌市,北海道,43.06208877,141.3543886
札幌市 中央区,北海道,43.0553865,141.3409671
札幌市 北区,北海道,43.09079296,141.3408807
札幌市 東区,北海道,43.07611111,141.3636111
札幌市 白石区,北海道,43.04756872,141.40522
札幌市 豊平区,北海道,43.03134414,141.3800612
札幌市 南区,北海道,42.99000828,141.3533998
札幌市 西区,北海道,43.0744547,141.3008974
札幌市 厚別区,北海道,43.03639318,141.4747615
札幌市 手稲区,北海道,43.12187423,141.2457843
札幌市 清田区,北海道,42.99951523,141.4437927
函館市,北海道,41.76864057,140.7290679
小樽市,北海道,43.19070647,140.9944857
旭川市,北海道,43.77083333,142.365
室蘭市,北海道,42.31520812,140.9736731
釧路市,北海道,42.98492315,144.3817102
帯広市,北海道,42.92405501,143.1962056
北見市,北海道,43.80392712,143.8957877
夕張市,北海道,43.0568559,141.9740889
岩見沢市,北海道,43.19611111,141.7758333
網走市,北海道,44.02063505,144.2734742
留萌市,北海道,43.94100709,141.6369314
苫小牧市,北海道,42.63416667,141.6055556
稚内市,北海道,45.41563748,141.6730675
美唄市,北海道,43.3330171,141.8540435
芦別市,北海道,43.51821332,142.1894862
江別市,北海道,43.10365105,141.5360696
赤平市,北海道,43.55798822,142.0441993
紋別市,北海道,44.35638889,143.3541667
士別市,北海道,44.17857528,142.4001608
名寄市,北海道,44.3559089,142.4631835
三笠市,北海道,43.24565996,141.8753755
根室市,北海道,43.33007352,145.5828718
千歳市,北海道,42.82100926,141.6510058
滝川市,北海道,43.55772933,141.9103899
砂川市,北海道,43.49478639,141.9034778
歌志内市,北海道,43.52166667,142.0352778
深川市,北海道,43.72319472,142.0535134
富良野市,北海道,43.34200922,142.3831468
登別市,北海道,42.41277778,141.1066667
恵庭市,北海道,42.88258231,141.5777691
伊達市,北海道,42.47194444,140.8647222
北広島市,北海道,42.98566933,141.5635545
石狩市,北海道,43.17138889,141.3155556
北斗市,北海道,41.82416667,140.6530556
当別町,北海道,43.22381951,141.5171281
新篠津村,北海道,43.22541251,141.6492815
松前町,北海道,41.42996802,140.1103613
福島町,北海道,41.48374263,140.2512881
知内町,北海道,41.59833333,140.4188889
木古内町,北海道,41.6783268,140.4376294
七飯町,北海道,41.89571953,140.6944054
鹿部町,北海道,42.026639,140.831672
森町,北海道,42.10496108,140.5764167
八雲町,北海道,42.25589383,140.2651921
長万部町,北海道,42.51340337,140.3801967
江差町,北海道,41.86928745,140.1275909
上ノ国町,北海道,41.80111111,140.1213889
厚沢部町,北海道,41.92094925,140.2253619
乙部町,北海道,41.96854529,140.1353881
奥尻町,北海道,42.17228824,139.5141374
今金町,北海道,42.42937171,140.0086423
せたな町,北海道,42.41694444,139.8833333
島牧村,北海道,42.70049649,140.0615316
寿都町,北海道,42.7910538,140.2288275
黒松内町,北海道,42.66777778,140.3077778
蘭越町,北海道,42.80923992,140.5283803
ニセコ町,北海道,42.80480026,140.6875294
真狩村,北海道,42.7630045,140.8036719
留寿都村,北海道,42.73730784,140.8756242
喜茂別町,北海道,42.79543379,140.9345372
京極町,北海道,42.8582269,140.8841146
倶知安町,北海道,42.90171229,140.7590211
共和町,北海道,42.98040776,140.6114265
岩内町,北海道,42.979761,140.514773
泊村,北海道,43.06300163,140.4989034
神恵内村,北海道,43.14380532,140.4309293
積丹町,北海道,43.29874919,140.5979824
古平町,北海道,43.26533414,140.6389515
仁木町,北海道,43.15166667,140.7661111
余市町,北海道,43.19531756,140.7835239
赤井川村,北海道,43.08349202,140.8136322
南幌町,北海道,43.06371295,141.6502959
奈井江町,北海道,43.42527778,141.8827778
上砂川町,北海道,43.482118,141.9835294
由仁町,北海道,42.99960678,141.79028
長沼町,北海道,43.01036818,141.6954173
栗山町,北海道,43.05630081,141.7840938
月形町,北海道,43.33839288,141.6695448
浦臼町,北海道,43.43036951,141.8187355
新十津川町,北海道,43.54847601,141.8770965
妹背牛町,北海道,43.70017033,141.9615052
秩父別町,北海道,43.76701307,141.9578543
雨竜町,北海道,43.64396502,141.8890417
北竜町,北海道,43.73138889,141.8791667
沼田町,北海道,43.80670325,141.9336905
鷹栖町,北海道,43.84333333,142.3544444
東神楽町,北海道,43.69638494,142.4515003
当麻町,北海道,43.82813767,142.5083928
比布町,北海道,43.87500414,142.4776752
愛別町,北海道,43.90667341,142.5778203
上川町,北海道,43.84712409,142.7704637
東川町,北海道,43.6988984,142.5101593
美瑛町,北海道,43.5883298,142.4670597
上富良野町,北海道,43.45561409,142.4671231
中富良野町,北海道,43.40583333,142.4252778
南富良野町,北海道,43.16416667,142.5683333
占冠村,北海道,42.97987952,142.3985363
和寒町,北海道,44.02312874,142.4134008
剣淵町,北海道,44.09576224,142.3613267
下川町,北海道,44.3025664,142.6352023
美深町,北海道,44.48102079,142.3430577
音威子府村,北海道,44.72504179,142.2622139
中川町,北海道,44.81138889,142.0713889
幌加内町,北海道,44.00979823,142.1538298
増毛町,北海道,43.85605933,141.5249105
小平町,北海道,44.01546152,141.6627616
苫前町,北海道,44.30614209,141.6529088
羽幌町,北海道,44.36054972,141.6973205
初山別村,北海道,44.53214682,141.7663169
遠別町,北海道,44.7225084,141.7923268
天塩町,北海道,44.88817257,141.7453521
猿払村,北海道,45.3306092,142.1089722
浜頓別町,北海道,45.1237794,142.3597348
中頓別町,北海道,44.96976136,142.2867365
枝幸町,北海道,44.93873333,142.5814043
豊富町,北海道,45.10285676,141.7775026
礼文町,北海道,45.30308199,141.0477509
利尻町,北海道,45.18701663,141.1395796
利尻富士町,北海道,45.2475,141.2147222
幌延町,北海道,45.01777778,141.8494444
美幌町,北海道,43.82371383,144.1071991
津別町,北海道,43.70633069,144.0248025
斜里町,北海道,43.91138889,144.6708333
清里町,北海道,43.83523767,144.5946817
小清水町,北海道,43.85674521,144.4620985
訓子府町,北海道,43.72536829,143.7416617
置戸町,北海道,43.67638889,143.5863889
佐呂間町,北海道,44.01785206,143.7747668
遠軽町,北海道,44.06196432,143.5280486
湧別町,北海道,44.15160274,143.573035
滝上町,北海道,44.19222222,143.0777778
興部町,北海道,44.46985058,143.1239513
西興部村,北海道,44.32880793,142.9444613
雄武町,北海道,44.58248425,142.9618577
大空町,北海道,43.91194444,144.1725
豊浦町,北海道,42.583409,140.711966
壮瞥町,北海道,42.55210949,140.885836
白老町,北海道,42.55131326,141.3558661
厚真町,北海道,42.72363661,141.8778914
洞爺湖町,北海道,42.55111704,140.7642741
安平町,北海道,42.76277778,141.8180556
むかわ町,北海道,42.57474771,141.9267449
日高町,北海道,42.48033565,142.0742968
平取町,北海道,42.58514013,142.1286988
新冠町,北海道,42.36244309,142.3184391
浦河町,北海道,42.16834176,142.7682026
様似町,北海道,42.12777778,142.9338889
えりも町,北海道,42.01638889,143.1483333
新ひだか町,北海道,42.34125547,142.3686044
音更町,北海道,42.99413757,143.1978925
士幌町,北海道,43.16805004,143.2414601
上士幌町,北海道,43.23263469,143.2961787
鹿追町,北海道,43.09887653,142.9889704
新得町,北海道,43.07975642,142.8389096
清水町,北海道,43.01143823,142.8845411
芽室町,北海道,42.91194444,143.0508333
中札内村,北海道,42.697864,143.134395
更別村,北海道,42.65038621,143.1878416
大樹町,北海道,42.4975,143.2788889
広尾町,北海道,42.28593132,143.3116286
幕別町,北海道,42.9082019,143.3561006
池田町,北海道,42.92900742,143.4485303
豊頃町,北海道,42.80102049,143.5058896
本別町,北海道,43.12467344,143.6105661
足寄町,北海道,43.24480211,143.5540526
陸別町,北海道,43.46888889,143.7472222
浦幌町,北海道,42.80895698,143.6585781
釧路町,北海道,42.99617231,144.4660793
厚岸町,北海道,43.05194444,144.8475
浜中町,北海道,43.076292,145.130953
標茶町,北海道,43.30334699,144.6006586
弟子屈町,北海道,43.48521336,144.4593251
鶴居村,北海道,43.23007174,144.3211866
白糠町,北海道,42.95616451,144.0717316
別海町,北海道,43.3940015,145.1173283
中標津町,北海道,43.55520483,144.971387
標津町,北海道,43.66126914,145.1313251
羅臼町,北海道,44.02194444,145.1894444
青森市,青森県,40.82222222,140.7475
弘前市,青森県,40.60305556,140.4641667
八戸市,青森県,40.51222222,141.4883333
黒石市,青森県,40.64277778,140.5944444
五所川原市,青森県,40.807835,140.446118
十和田市,青森県,40.61277778,141.2058333
三沢市,青森県,40.68333333,141.3688889
むつ市,青森県,41.29305556,141.1830556
つがる市,青森県,40.80888889,140.38
平川市,青森県,40.58416667,140.5663889
平内町,青森県,40.92611111,140.9561111
今別町,青森県,41.18194444,140.4816667
蓬田村,青森県,40.97194444,140.6558333
外ヶ浜町,青森県,41.04333333,140.6325
鰺ヶ沢町,青森県,40.783011,140.233912
深浦町,青森県,40.64805556,139.9277778
西目屋村,青森県,40.57694444,140.2963889
藤崎町,青森県,40.65611111,140.5025
大鰐町,青森県,40.51833333,140.5677778
田舎館村,青森県,40.63166667,140.55
板柳町,青森県,40.69611111,140.4575
鶴田町,青森県,40.75888889,140.4286111
中泊町,青森県,40.960427,140.434122
野辺地町,青森県,40.86444444,141.1286111
七戸町,青森県,40.74472222,141.1577778
六戸町,青森県,40.60972222,141.3247222
横浜町,青森県,41.08333333,141.2475
東北町,青森県,40.72805556,141.2577778
六ヶ所村,青森県,40.9675,141.3744444
おいらせ町,青森県,40.59916667,141.3977778
大間町,青森県,41.522388,140.90483
東通村,青森県,41.27805556,141.3294444
風間浦村,青森県,41.4875,140.9955556
佐井村,青森県,41.42972222,140.8591667
三戸町,青森県,40.37833333,141.2586111
五戸町,青森県,40.53111111,141.3077778
田子町,青森県,40.34,141.1519444
南部町,青森県,40.420343,141.330307
階上町,青森県,40.4525,141.6211111
新郷村,青森県,40.46583333,141.1733333
盛岡市,岩手県,39.70194444,141.1541667
宮古市,岩手県,39.639554,141.946115
大船渡市,岩手県,39.08222222,141.7083333
花巻市,岩手県,39.38861111,141.1166667
北上市,岩手県,39.28666667,141.1130556
久慈市,岩手県,40.19027778,141.7752778
遠野市,岩手県,39.331014,141.532352
一関市,岩手県,38.93444444,141.1263889
陸前高田市,岩手県,39.020413,141.633321
釜石市,岩手県,39.27583333,141.8855556
二戸市,岩手県,40.27111111,141.3047222
八幡平市,岩手県,39.956511,141.07112
奥州市,岩手県,39.14444444,141.1388889
滝沢市,岩手県,39.73472222,141.0769444
雫石町,岩手県,39.69611111,140.9755556
葛巻町,岩手県,40.03972222,141.4363889
岩手町,岩手県,39.9725,141.2125
紫波町,岩手県,39.554536,141.155796
矢巾町,岩手県,39.60583333,141.1430556
西和賀町,岩手県,39.31777778,140.7791667
金ケ崎町,岩手県,39.19555556,141.1161111
平泉町,岩手県,38.98666667,141.1141667
住田町,岩手県,39.14194444,141.5758333
大槌町,岩手県,39.358196,141.899731
山田町,岩手県,39.4675,141.9488889
岩泉町,岩手県,39.84305556,141.7966667
田野畑村,岩手県,39.93027778,141.8888889
普代村,岩手県,40.00527778,141.8861111
軽米町,岩手県,40.32666667,141.4605556
野田村,岩手県,40.11,141.8180556
九戸村,岩手県,40.21138889,141.4188889
洋野町,岩手県,40.40861111,141.7180556
一戸町,岩手県,40.21305556,141.2952778
仙台市,宮城県,38.26805556,140.8697222
仙台市 青葉区,宮城県,38.26916667,140.8705556
仙台市 宮城野区,宮城県,38.26638889,140.9102778
仙台市 若林区,宮城県,38.24416667,140.9008333
仙台市 太白区,宮城県,38.22444444,140.8772222
仙台市 泉区,宮城県,38.32638889,140.8813889
石巻市,宮城県,38.43416667,141.3027778
塩竈市,宮城県,38.31444444,141.0222222
気仙沼市,宮城県,38.90833333,141.57
白石市,宮城県,38.00222222,140.6197222
名取市,宮城県,38.17166667,140.8919444
角田市,宮城県,37.97722222,140.7819444
多賀城市,宮城県,38.29388889,141.0044444
岩沼市,宮城県,38.10444444,140.87
登米市,宮城県,38.69194444,141.1877778
栗原市,宮城県,38.73027778,141.0213889
東松島市,宮城県,38.42638889,141.2105556
大崎市,宮城県,38.57722222,140.9555556
富谷市,宮城県,38.4,140.8952778
蔵王町,宮城県,38.09805556,140.6588889
七ヶ宿町,宮城県,37.99305556,140.4416667
大河原町,宮城県,38.04944444,140.7308333
村田町,宮城県,38.11861111,140.7225
柴田町,宮城県,38.05638889,140.7658333
川崎町,宮城県,38.17777778,140.6436111
丸森町,宮城県,37.91138889,140.7655556
亘理町,宮城県,38.044263,140.867924
山元町,宮城県,37.9625,140.8777778
松島町,宮城県,38.380149,141.067291
七ヶ浜町,宮城県,38.30472222,141.0594444
利府町,宮城県,38.33027778,140.9755556
大和町,宮城県,38.4375,140.8863889
大郷町,宮城県,38.42444444,141.0044444
大衡村,宮城県,38.4675,140.8802778
色麻町,宮城県,38.54888889,140.85
加美町,宮城県,38.57194444,140.855
涌谷町,宮城県,38.53972222,141.1283333
美里町,宮城県,38.54444444,141.0569444
女川町,宮城県,38.445388,141.442693
南三陸町,宮城県,38.680666,141.462492
秋田市,秋田県,39.71972222,140.1025
能代市,秋田県,40.21222222,140.0266667
横手市,秋田県,39.313777,140.566636
大館市,秋田県,40.27166667,140.5647222
男鹿市,秋田県,39.88666667,139.8477778
湯沢市,秋田県,39.16388889,140.495
鹿角市,秋田県,40.21583333,140.7883333
由利本荘市,秋田県,39.38583333,140.0488889
潟上市,秋田県,39.857288,140.013049
大仙市,秋田県,39.45305556,140.4755556
北秋田市,秋田県,40.22611111,140.3708333
にかほ市,秋田県,39.20305556,139.9077778
仙北市,秋田県,39.7,140.7305556
小坂町,秋田県,40.332926,140.736191
上小阿仁村,秋田県,40.06333333,140.2958333
藤里町,秋田県,40.27833333,140.2619444
三種町,秋田県,40.10166667,140.005
八峰町,秋田県,40.31888889,140.0386111
五城目町,秋田県,39.94416667,140.1116667
八郎潟町,秋田県,39.94944444,140.0733333
井川町,秋田県,39.91416667,140.0816667
大潟村,秋田県,40.01777778,139.96
美郷町,秋田県,39.46166667,140.5825
羽後町,秋田県,39.19944444,140.4130556
東成瀬村,秋田県,39.17888889,140.6488889
山形市,山形県,38.25555556,140.3397222
米沢市,山形県,37.92222222,140.1169444
鶴岡市,山形県,38.72722222,139.8266667
酒田市,山形県,38.91444444,139.8363889
新庄市,山形県,38.76472222,140.3019444
寒河江市,山形県,38.38111111,140.2761111
上山市,山形県,38.14972222,140.2677778
村山市,山形県,38.48361111,140.3805556
長井市,山形県,38.106088,140.033947
天童市,山形県,38.36222222,140.3783333
東根市,山形県,38.43138889,140.3911111
尾花沢市,山形県,38.60083333,140.4058333
南陽市,山形県,38.05527778,140.1483333
山辺町,山形県,38.28916667,140.2625
中山町,山形県,38.33333333,140.2830556
河北町,山形県,38.42638889,140.3144444
西川町,山形県,38.42666667,140.1477778
朝日町,山形県,38.29916667,140.1458333
大江町,山形県,38.38083333,140.2066667
大石田町,山形県,38.59388889,140.3727778
金山町,山形県,38.88333333,140.3394444
最上町,山形県,38.75861111,140.5194444
舟形町,山形県,38.69166667,140.32
真室川町,山形県,38.85777778,140.2525
大蔵村,山形県,38.70416667,140.2305556
鮭川村,山形県,38.79611111,140.2216667
戸沢村,山形県,38.73777778,140.1436111
高畠町,山形県,38.00277778,140.1891667
川西町,山形県,38.005203,140.053181
小国町,山形県,38.06138889,139.7433333
白鷹町,山形県,38.18305556,140.0986111
飯豊町,山形県,38.04583333,139.9875
三川町,山形県,38.79444444,139.8497222
庄内町,山形県,38.84972222,139.9047222
遊佐町,山形県,39.014836,139.908662
福島市,福島県,37.76083333,140.4747222
会津若松市,福島県,37.49472222,139.9297222
郡山市,福島県,37.40055556,140.3597222
いわき市,福島県,37.05055556,140.8877778
白河市,福島県,37.12638889,140.2108333
須賀川市,福島県,37.28666667,140.3727778
喜多方市,福島県,37.65111111,139.8744444
相馬市,福島県,37.79666667,140.9197222
二本松市,福島県,37.58472222,140.4313889
田村市,福島県,37.440621,140.57631
南相馬市,福島県,37.64222222,140.9572222
伊達市,福島県,37.81888889,140.5630556
本宮市,福島県,37.51333333,140.3938889
桑折町,福島県,37.85472,140.520851
国見町,福島県,37.87694444,140.5494444
川俣町,福島県,37.665,140.5983333
大玉村,福島県,37.53444444,140.3711111
鏡石町,福島県,37.25277778,140.3436111
天栄村,福島県,37.25527778,140.2472222
下郷町,福島県,37.25555556,139.8722222
檜枝岐村,福島県,37.02416667,139.3888889
只見町,福島県,37.34861111,139.3158333
南会津町,福島県,37.20027778,139.7733333
北塩原村,福島県,37.65583333,139.9377778
西会津町,福島県,37.587396,139.649301
磐梯町,福島県,37.56194444,139.9883333
猪苗代町,福島県,37.55777778,140.1047222
会津坂下町,福島県,37.56138889,139.8216667
湯川村,福島県,37.56583333,139.8866667
柳津町,福島県,37.52611111,139.7194444
三島町,福島県,37.47027778,139.6444444
金山町,福島県,37.45388889,139.5247222
昭和村,福島県,37.33583333,139.6105556
会津美里町,福島県,37.464985,139.834177
西郷村,福島県,37.14194444,140.1552778
泉崎村,福島県,37.153784,140.303363
中島村,福島県,37.14861111,140.3502778
矢吹町,福島県,37.20111111,140.3386111
棚倉町,福島県,37.02972222,140.3797222
矢祭町,福島県,36.87138889,140.4247222
塙町,福島県,36.95722222,140.4097222
鮫川村,福島県,37.0425,140.5097222
石川町,福島県,37.157072,140.446775
玉川村,福島県,37.21083333,140.4088889
平田村,福島県,37.221995,140.575655
浅川町,福島県,37.08083333,140.4127778
古殿町,福島県,37.08916667,140.5558333
三春町,福島県,37.44111111,140.4927778
小野町,福島県,37.28694444,140.6263889
広野町,福島県,37.21444444,140.9947222
楢葉町,福島県,37.2825,140.9936111
富岡町,福島県,37.34555556,141.0086111
川内村,福島県,37.3375,140.8094444
大熊町,福島県,37.382087,140.958264
双葉町,福島県,36.921861,140.800626
浪江町,福島県,37.49472222,141.0008333
葛尾村,福島県,37.50361111,140.7644444
新地町,福島県,37.87611111,140.9194444
飯舘村,福島県,37.67916667,140.7355556
水戸市,茨城県,36.36583333,140.4713889
日立市,茨城県,36.59916667,140.6516667
土浦市,茨城県,36.078391,140.204143
古河市,茨城県,36.17888889,139.7558333
石岡市,茨城県,36.19083333,140.2872222
結城市,茨城県,36.289625,139.87147
龍ケ崎市,茨城県,35.91166667,140.1822222
下妻市,茨城県,36.18444444,139.9675
常総市,茨城県,36.02361111,139.9938889
常陸太田市,茨城県,36.53833333,140.5311111
高萩市,茨城県,36.71361111,140.7097222
北茨城市,茨城県,36.80194444,140.7511111
笠間市,茨城県,36.345,140.3041667
取手市,茨城県,35.91138889,140.0502778
牛久市,茨城県,35.97944444,140.1497222
つくば市,茨城県,36.08361111,140.0763889
ひたちなか市,茨城県,36.39638889,140.5344444
鹿嶋市,茨城県,35.96583333,140.645
潮来市,茨城県,35.94722222,140.5552778
守谷市,茨城県,35.95138889,139.9755556
常陸大宮市,茨城県,36.5425,140.4108333
那珂市,茨城県,36.4575,140.4866667
筑西市,茨城県,36.305263,139.979417
坂東市,茨城県,36.04833333,139.8888889
稲敷市,茨城県,35.972927,140.303583
かすみがうら市,茨城県,36.15194444,140.2372222
桜川市,茨城県,36.32722222,140.0905556
神栖市,茨城県,35.89,140.6647222
行方市,茨城県,35.99027778,140.4891667
鉾田市,茨城県,36.15861111,140.5163889
つくばみらい市,茨城県,35.96305556,140.0372222
小美玉市,茨城県,36.23944444,140.3525
茨城町,茨城県,36.28694444,140.4247222
大洗町,茨城県,36.31333333,140.575
城里町,茨城県,36.47916667,140.3763889
東海村,茨城県,36.47305556,140.5661111
大子町,茨城県,36.76805556,140.3552778
美浦村,茨城県,36.00444444,140.3019444
阿見町,茨城県,36.03083333,140.215
河内町,茨城県,35.88472222,140.2444444
八千代町,茨城県,36.18138889,139.8913889
五霞町,茨城県,36.11444444,139.7452778
境町,茨城県,36.10861111,139.795
利根町,茨城県,35.85777778,140.1394444
宇都宮市,栃木県,36.55527778,139.8827778
足利市,栃木県,36.34027778,139.4497222
栃木市,栃木県,36.382414,139.734111
佐野市,栃木県,36.31444444,139.5783333
鹿沼市,栃木県,36.56722222,139.745
日光市,栃木県,36.72,139.6983333
小山市,栃木県,36.31472222,139.8002778
真岡市,栃木県,36.44027778,140.0130556
大田原市,栃木県,36.87083333,140.0155556
矢板市,栃木県,36.80666667,139.9241667
那須塩原市,栃木県,36.96166667,140.0461111
さくら市,栃木県,36.68527778,139.9663889
那須烏山市,栃木県,36.65694444,140.1516667
下野市,栃木県,36.395227,139.85192
上三川町,栃木県,36.43916667,139.91
益子町,栃木県,36.4675,140.0930556
茂木町,栃木県,36.53222222,140.1875
市貝町,栃木県,36.54333333,140.1022222
芳賀町,栃木県,36.54805556,140.0580556
壬生町,栃木県,36.42722222,139.8038889
野木町,栃木県,36.23305556,139.7408333
塩谷町,栃木県,36.7775,139.8505556
高根沢町,栃木県,36.63111111,139.9866667
那須町,栃木県,37.01972222,140.1211111
那珂川町,栃木県,36.736223,140.17282
前橋市,群馬県,36.38916667,139.0636111
高崎市,群馬県,36.32194444,139.0036111
桐生市,群馬県,36.40527778,139.3305556
伊勢崎市,群馬県,36.31138889,139.1966667
太田市,群馬県,36.29166667,139.3758333
沼田市,群馬県,36.64396,139.042784
館林市,群馬県,36.245,139.5422222
渋川市,群馬県,36.48944444,139.0005556
藤岡市,群馬県,36.25861111,139.0747222
富岡市,群馬県,36.26,138.89
安中市,群馬県,36.32638889,138.8872222
みどり市,群馬県,36.39472222,139.2811111
榛東村,群馬県,36.438647,138.967118
吉岡町,群馬県,36.4475,139.0102778
上野村,群馬県,36.08333333,138.7772222
神流町,群馬県,36.11611111,138.9169444
下仁田町,群馬県,36.2125,138.7891667
南牧村,群馬県,36.15861111,138.7113889
甘楽町,群馬県,36.24305556,138.9219444
中之条町,群馬県,36.59,138.8411111
長野原町,群馬県,36.544321,138.649837
嬬恋村,群馬県,36.51666667,138.5302778
草津町,群馬県,36.62055556,138.5961111
高山村,群馬県,36.62083333,138.9436111
東吾妻町,群馬県,36.571564,138.820571
片品村,群馬県,36.7725,139.2252778
川場村,群馬県,36.69472222,139.1066667
昭和村,群馬県,36.63972222,139.0658333
みなかみ町,群馬県,36.67888889,138.9991667
玉村町,群馬県,36.30444444,139.115
板倉町,群馬県,36.225962,139.601938
明和町,群馬県,36.21138889,139.5341667
千代田町,群馬県,36.21777778,139.4425
大泉町,群馬県,36.24777778,139.405
邑楽町,群馬県,36.2525,139.4625
さいたま市,埼玉県,35.86166667,139.6452778
さいたま市 西区,埼玉県,35.925,139.5797222
さいたま市 北区,埼玉県,35.93083333,139.62
さいたま市 大宮区,埼玉県,35.90611111,139.6286111
さいたま市 見沼区,埼玉県,35.93527778,139.6544444
さいたま市 中央区,埼玉県,35.88388889,139.6261111
さいたま市 桜区,埼玉県,35.85694444,139.6094444
さいたま市 浦和区,埼玉県,35.86166667,139.6452778
さいたま市 南区,埼玉県,35.84638889,139.6480556
さいたま市 緑区,埼玉県,35.87111111,139.6838889
さいたま市 岩槻区,埼玉県,35.94972146,139.6941694
川越市,埼玉県,35.925,139.4858333
熊谷市,埼玉県,36.14722222,139.3886111
川口市,埼玉県,35.806733,139.7234
行田市,埼玉県,36.13888889,139.4558333
秩父市,埼玉県,35.99166667,139.0855556
所沢市,埼玉県,35.79944444,139.4688889
飯能市,埼玉県,35.85583333,139.3277778
加須市,埼玉県,36.13138889,139.6019444
本庄市,埼玉県,36.24388889,139.1902778
東松山市,埼玉県,36.04222222,139.4
春日部市,埼玉県,35.97527778,139.7525
狭山市,埼玉県,35.85305556,139.4122222
羽生市,埼玉県,36.17277778,139.5486111
鴻巣市,埼玉県,36.06583333,139.5222222
深谷市,埼玉県,36.1975,139.2813889
上尾市,埼玉県,35.9775,139.5933333
草加市,埼玉県,35.82555556,139.8055556
越谷市,埼玉県,35.89111111,139.7908333
蕨市,埼玉県,35.82555556,139.6794444
戸田市,埼玉県,35.8175,139.6777778
入間市,埼玉県,35.83583333,139.3911111
朝霞市,埼玉県,35.79722222,139.5936111
志木市,埼玉県,35.83666667,139.5802778
和光市,埼玉県,35.78138889,139.6058333
新座市,埼玉県,35.79333333,139.5652778
桶川市,埼玉県,36.00277778,139.5583333
久喜市,埼玉県,36.06222222,139.6669444
北本市,埼玉県,36.02722222,139.5302778
八潮市,埼玉県,35.82277778,139.8391667
富士見市,埼玉県,35.85666667,139.5491667
三郷市,埼玉県,35.83027778,139.8725
蓮田市,埼玉県,35.99416667,139.6622222
坂戸市,埼玉県,35.95722222,139.4030556
幸手市,埼玉県,36.07805556,139.7258333
鶴ヶ島市,埼玉県,35.93444444,139.3930556
日高市,埼玉県,35.90777778,139.3391667
吉川市,埼玉県,35.895962,139.855651
ふじみ野市,埼玉県,35.87944444,139.5197222
白岡市,埼玉県,36.01888889,139.6769444
伊奈町,埼玉県,36,139.6238889
三芳町,埼玉県,35.82833333,139.5266667
毛呂山町,埼玉県,35.94166667,139.3161111
越生町,埼玉県,35.96444444,139.2941667
滑川町,埼玉県,36.06611111,139.3608333
嵐山町,埼玉県,36.05666667,139.3202778
小川町,埼玉県,36.05666667,139.2619444
川島町,埼玉県,35.992494,139.484352
吉見町,埼玉県,36.04,139.4538889
鳩山町,埼玉県,35.98166667,139.3341667
ときがわ町,埼玉県,36.00861111,139.2969444
横瀬町,埼玉県,35.98722222,139.1002778
皆野町,埼玉県,36.07083333,139.0988889
長瀞町,埼玉県,36.11472222,139.11
小鹿野町,埼玉県,36.01722222,139.0086111
東秩父村,埼玉県,36.05805556,139.1947222
美里町,埼玉県,36.17722222,139.1813889
神川町,埼玉県,36.21388889,139.1019444
上里町,埼玉県,36.25194444,139.1447222
寄居町,埼玉県,36.11833333,139.1930556
宮代町,埼玉県,36.0225,139.7227778
杉戸町,埼玉県,36.02555556,139.7366667
松伏町,埼玉県,35.92583333,139.8152778
千葉市,千葉県,35.60722222,140.1063889
千葉市 中央区,千葉県,35.60888889,140.1247222
千葉市 花見川区,千葉県,35.66277778,140.0691667
千葉市 稲毛区,千葉県,35.63638889,140.1072222
千葉市 若葉区,千葉県,35.63416667,140.1555556
千葉市 緑区,千葉県,35.56027778,140.1763889
千葉市 美浜区,千葉県,35.64027778,140.0630556
銚子市,千葉県,35.73472222,140.8266667
市川市,千葉県,35.72194444,139.9311111
船橋市,千葉県,35.69472222,139.9825
館山市,千葉県,34.99666667,139.87
木更津市,千葉県,35.381208,139.924905
松戸市,千葉県,35.78777778,139.9030556
野田市,千葉県,35.955,139.8747222
茂原市,千葉県,35.42833333,140.2880556
成田市,千葉県,35.77666667,140.3183333
佐倉市,千葉県,35.72388889,140.2238889
東金市,千葉県,35.56,140.3661111
旭市,千葉県,35.716116,140.648217
習志野市,千葉県,35.68083333,140.0266667
柏市,千葉県,35.86805556,139.9763889
勝浦市,千葉県,35.1525,140.3211111
市原市,千葉県,35.49805556,140.1155556
流山市,千葉県,35.85611111,139.9025
八千代市,千葉県,35.7225,140.0997222
我孫子市,千葉県,35.86416667,140.0283333
鴨川市,千葉県,35.11416667,140.0988889
鎌ケ谷市,千葉県,35.77694444,140.0008333
君津市,千葉県,35.33055556,139.9025
富津市,千葉県,35.30416667,139.8569444
浦安市,千葉県,35.65361111,139.9016667
四街道市,千葉県,35.67,140.1683333
袖ケ浦市,千葉県,35.43,139.9547222
八街市,千葉県,35.66583333,140.3183333
印西市,千葉県,35.83222222,140.1458333
白井市,千葉県,35.79166667,140.0563889
富里市,千葉県,35.72666667,140.3430556
南房総市,千葉県,35.04333333,139.8402778
匝瑳市,千葉県,35.70777778,140.5644444
香取市,千葉県,35.89777778,140.4991667
山武市,千葉県,35.60277778,140.4136111
いすみ市,千葉県,35.25388889,140.3852778
大網白里市,千葉県,35.52166667,140.3211111
酒々井町,千葉県,35.725,140.2694444
栄町,千葉県,35.84083333,140.2438889
神崎町,千葉県,35.90166667,140.4052778
多古町,千葉県,35.73555556,140.4677778
東庄町,千葉県,35.83722222,140.6688889
九十九里町,千葉県,35.535,140.4405556
芝山町,千葉県,35.69305556,140.4141667
横芝光町,千葉県,35.66555556,140.5041667
一宮町,千葉県,35.37277778,140.3688889
睦沢町,千葉県,35.36111111,140.3191667
長生村,千葉県,35.41222222,140.3541667
白子町,千葉県,35.45444444,140.3744444
長柄町,千葉県,35.43111111,140.2269444
長南町,千葉県,35.38666667,140.2372222
大多喜町,千葉県,35.285,140.2455556
御宿町,千葉県,35.19166667,140.3486111
鋸南町,千葉県,35.11111111,139.8355556
千代田区,東京都,35.69388889,139.7536111
中央区,東京都,35.67083333,139.7722222
港区,東京都,35.65805556,139.7516667
新宿区,東京都,35.69388889,139.7036111
文京区,東京都,35.70805556,139.7522222
台東区,東京都,35.71277778,139.78
墨田区,東京都,35.71055556,139.8016667
江東区,東京都,35.67305556,139.8172222
品川区,東京都,35.60888889,139.7302778
目黒区,東京都,35.64138889,139.6983333
大田区,東京都,35.56138889,139.7161111
世田谷区,東京都,35.64611111,139.6530556
渋谷区,東京都,35.66388889,139.6980556
中野区,東京都,35.7075,139.6638889
杉並区,東京都,35.69944444,139.6363889
豊島区,東京都,35.726121,139.716678
北区,東京都,35.75277778,139.7336111
荒川区,東京都,35.73611111,139.7833333
板橋区,東京都,35.75111111,139.7094444
練馬区,東京都,35.73555556,139.6522222
足立区,東京都,35.775,139.8047222
葛飾区,東京都,35.74333333,139.8472222
江戸川区,東京都,35.70666667,139.8683333
八王子市,東京都,35.66666667,139.3158333
立川市,東京都,35.71388888,139.4077778
武蔵野市,東京都,35.71777778,139.5661111
三鷹市,東京都,35.68333333,139.5594444
青梅市,東京都,35.78777778,139.2758333
府中市,東京都,35.66888889,139.4777778
昭島市,東京都,35.70555556,139.3536111
調布市,東京都,35.65055556,139.5408333
町田市,東京都,35.546559,139.438527
小金井市,東京都,35.69944444,139.5030556
小平市,東京都,35.72861111,139.4775
日野市,東京都,35.67138889,139.395
東村山市,東京都,35.75472222,139.4686111
国分寺市,東京都,35.71083333,139.4622222
国立市,東京都,35.68388889,139.4413889
福生市,東京都,35.73861111,139.3266667
狛江市,東京都,35.63472222,139.5786111
東大和市,東京都,35.74555556,139.4266667
清瀬市,東京都,35.78583333,139.5263889
東久留米市,東京都,35.75805556,139.5297222
武蔵村山市,東京都,35.75472222,139.3875
多摩市,東京都,35.63694444,139.4463889
稲城市,東京都,35.63805556,139.5047222
羽村市,東京都,35.76722222,139.3111111
あきる野市,東京都,35.72888889,139.2941667
西東京市,東京都,35.72583333,139.5386111
瑞穂町,東京都,35.77194444,139.3538889
日の出町,東京都,35.74222222,139.2575
檜原村,東京都,35.72694444,139.1488889
奥多摩町,東京都,35.80972222,139.0963889
大島町,東京都,34.75,139.3558333
利島村,東京都,34.52944444,139.2822222
新島村,東京都,34.37694444,139.2572222
神津島村,東京都,34.20555556,139.1347222
三宅村,東京都,34.07583333,139.4797222
御蔵島村,東京都,33.89722222,139.5958333
八丈町,東京都,33.112802,139.789065
青ヶ島村,東京都,32.46694444,139.7633333
小笠原村,東京都,27.09444444,142.1919444
横浜市,神奈川県,35.450195,139.634903
横浜市 鶴見区,神奈川県,35.50833333,139.6825
横浜市 神奈川区,神奈川県,35.47694444,139.6294444
横浜市 西区,神奈川県,35.45361111,139.6169444
横浜市 中区,神奈川県,35.44472222,139.6422222
横浜市 南区,神奈川県,35.43138889,139.6088889
横浜市 保土ケ谷区,神奈川県,35.46,139.5961111
横浜市 磯子区,神奈川県,35.40222222,139.6188889
横浜市 金沢区,神奈川県,35.3375,139.6244444
横浜市 港北区,神奈川県,35.51888889,139.6330556
横浜市 戸塚区,神奈川県,35.39638889,139.5325
横浜市 港南区,神奈川県,35.40055556,139.5913889
横浜市 旭区,神奈川県,35.47472222,139.5447222
横浜市 緑区,神奈川県,35.5125,139.5380556
横浜市 瀬谷区,神奈川県,35.46638889,139.4991667
横浜市 栄区,神奈川県,35.36444444,139.5541667
横浜市 泉区,神奈川県,35.41777778,139.4886111
横浜市 青葉区,神奈川県,35.55277778,139.5372222
横浜市 都筑区,神奈川県,35.54472222,139.5705556
川崎市,神奈川県,35.53083333,139.7030556
川崎市 川崎区,神奈川県,35.52972222,139.7038889
川崎市 幸区,神奈川県,35.54444444,139.6875
川崎市 中原区,神奈川県,35.57611111,139.6558333
川崎市 高津区,神奈川県,35.59944444,139.6080556
川崎市 多摩区,神奈川県,35.61972222,139.5619444
川崎市 宮前区,神奈川県,35.58916667,139.5786111
川崎市 麻生区,神奈川県,35.60388889,139.5058333
相模原市,神奈川県,35.57138889,139.3733333
相模原市 緑区,神奈川県,35.59611111,139.345
相模原市 中央区,神奈川県,35.57138889,139.3733333
相模原市 南区,神奈川県,35.53027778,139.4302778
横須賀市,神奈川県,35.28138889,139.6722222
平塚市,神奈川県,35.33555556,139.3497222
鎌倉市,神奈川県,35.31916667,139.5469444
藤沢市,神奈川県,35.33916667,139.4913889
小田原市,神奈川県,35.26472222,139.1522222
茅ヶ崎市,神奈川県,35.33388889,139.4047222
逗子市,神奈川県,35.29555556,139.5802778
三浦市,神奈川県,35.14416667,139.6205556
秦野市,神奈川県,35.37472222,139.2202778
厚木市,神奈川県,35.44305556,139.3625
大和市,神奈川県,35.4875,139.4580556
伊勢原市,神奈川県,35.40277778,139.315
海老名市,神奈川県,35.44638889,139.3908333
座間市,神奈川県,35.48861111,139.4075
南足柄市,神奈川県,35.32055556,139.1
綾瀬市,神奈川県,35.43722222,139.4269444
葉山町,神奈川県,35.27194444,139.5863889
寒川町,神奈川県,35.37305556,139.3841667
大磯町,神奈川県,35.30694444,139.3113889
二宮町,神奈川県,35.29944444,139.2552778
中井町,神奈川県,35.33083333,139.2188889
大井町,神奈川県,35.32666667,139.1563889
松田町,神奈川県,35.34833333,139.1394444
山北町,神奈川県,35.36055556,139.0838889
開成町,神奈川県,35.33638889,139.1233333
箱根町,神奈川県,35.2325,139.1069444
真鶴町,神奈川県,35.15833333,139.1372222
湯河原町,神奈川県,35.14777778,139.1083333
愛川町,神奈川県,35.52888889,139.3216667
清川村,神奈川県,35.48222222,139.2763889
新潟市,新潟県,37.91611111,139.0363889
新潟市 北区,新潟県,37.91638889,139.2186111
新潟市 東区,新潟県,37.92477958,139.0925915
新潟市 中央区,新潟県,37.91611111,139.0363889
新潟市 江南区,新潟県,37.86777778,139.0941667
新潟市 秋葉区,新潟県,37.78861111,139.1144444
新潟市 南区,新潟県,37.76583333,139.0191667
新潟市 西区,新潟県,37.87388889,138.9716667
新潟市 西蒲区,新潟県,37.76055556,138.8891667
長岡市,新潟県,37.446587,138.851224
三条市,新潟県,37.63638889,138.9616667
柏崎市,新潟県,37.364903,138.557756
新発田市,新潟県,37.947954,139.327151
小千谷市,新潟県,37.31444444,138.795
加茂市,新潟県,37.66638889,139.0402778
十日町市,新潟県,37.1275,138.7555556
見附市,新潟県,37.53138889,138.9127778
村上市,新潟県,38.22416667,139.48
燕市,新潟県,37.673149,138.882249
糸魚川市,新潟県,37.03888889,137.8627778
妙高市,新潟県,37.02526874,138.2533423
五泉市,新潟県,37.74472222,139.1825
上越市,新潟県,37.14805556,138.2361111
阿賀野市,新潟県,37.83444444,139.2258333
佐渡市,新潟県,38.01805556,138.3683333
魚沼市,新潟県,37.236431,138.963775
南魚沼市,新潟県,37.06555556,138.8761111
胎内市,新潟県,38.05972222,139.4102778
聖籠町,新潟県,37.97444444,139.2744444
弥彦村,新潟県,37.69111111,138.8552778
田上町,新潟県,37.69888889,139.0580556
阿賀町,新潟県,37.67555556,139.4586111
出雲崎町,新潟県,37.53083333,138.7094444
湯沢町,新潟県,36.93388889,138.8175
津南町,新潟県,37.01416667,138.6525
刈羽村,新潟県,37.42222222,138.6225
関川村,新潟県,38.08944444,139.565
粟島浦村,新潟県,38.46833333,139.2547222
富山市,富山県,36.69583333,137.2136111
高岡市,富山県,36.75416667,137.0261111
魚津市,富山県,36.8275,137.4091667
氷見市,富山県,36.855978,136.972868
滑川市,富山県,36.76444444,137.3411111
黒部市,富山県,36.87151,137.448028
砺波市,富山県,36.6475,136.9622222
小矢部市,富山県,36.67555556,136.8686111
南砺市,富山県,36.557453,136.875434
射水市,富山県,36.730479,137.075399
舟橋村,富山県,36.70361111,137.3075
上市町,富山県,36.69833333,137.3625
立山町,富山県,36.66333333,137.3136111
入善町,富山県,36.93361111,137.5022222
朝日町,富山県,36.94638889,137.56
金沢市,石川県,36.56083333,136.6566667
七尾市,石川県,37.04305556,136.9672222
小松市,石川県,36.40861111,136.4455556
輪島市,石川県,37.39055556,136.8991667
珠洲市,石川県,37.43638889,137.2602778
加賀市,石川県,36.30277778,136.315
羽咋市,石川県,36.89361111,136.7788889
かほく市,石川県,36.72,136.7066667
白山市,石川県,36.51444444,136.5655556
能美市,石川県,36.446888,136.554028
野々市市,石川県,36.51944444,136.6097222
川北町,石川県,36.46861111,136.5422222
津幡町,石川県,36.66861111,136.7283333
内灘町,石川県,36.65361111,136.645
志賀町,石川県,37.00638889,136.7780556
宝達志水町,石川県,36.86277778,136.7977778
中能登町,石川県,36.98888889,136.9016667
穴水町,石川県,37.23111111,136.9125
能登町,石川県,37.310414,137.147782
福井市,福井県,36.06416667,136.2194444
敦賀市,福井県,35.64527778,136.0555556
小浜市,福井県,35.49555556,135.7466667
大野市,福井県,35.98055556,136.4875
勝山市,福井県,36.06083333,136.5005556
鯖江市,福井県,35.95666667,136.1844444
あわら市,福井県,36.21138889,136.2288889
越前市,福井県,35.90333333,136.1691667
坂井市,福井県,36.16694444,136.2316667
永平寺町,福井県,36.09222222,136.2986111
池田町,福井県,35.89027778,136.3441667
南越前町,福井県,35.835,136.1944444
越前町,福井県,35.97416667,136.1297222
美浜町,福井県,35.60055556,135.9405556
高浜町,福井県,35.487904,135.545969
おおい町,福井県,35.48111111,135.6177778
若狭町,福井県,35.54888889,135.9083333
甲府市,山梨県,35.66222222,138.5683333
富士吉田市,山梨県,35.4875,138.8080556
都留市,山梨県,35.55138889,138.9055556
山梨市,山梨県,35.69333333,138.6872222
大月市,山梨県,35.61055556,138.94
韮崎市,山梨県,35.70888889,138.4463889
南アルプス市,山梨県,35.60833333,138.465
北杜市,山梨県,35.77666667,138.4236111
甲斐市,山梨県,35.66083333,138.5158333
笛吹市,山梨県,35.64722222,138.64
上野原市,山梨県,35.63027778,139.1086111
甲州市,山梨県,35.70416666,138.7294444
中央市,山梨県,35.59972222,138.5172222
市川三郷町,山梨県,35.56527778,138.5022222
早川町,山梨県,35.41277778,138.3630556
身延町,山梨県,35.4675,138.4425
南部町,山梨県,35.2425,138.4861111
富士川町,山梨県,35.56111111,138.4613889
昭和町,山梨県,35.62805556,138.535
道志村,山梨県,35.52805556,139.0336111
西桂町,山梨県,35.52416667,138.8469444
忍野村,山梨県,35.46,138.8477778
山中湖村,山梨県,35.41055556,138.8608333
鳴沢村,山梨県,35.48138889,138.7066667
富士河口湖町,山梨県,35.49722222,138.755
小菅村,山梨県,35.76027778,138.9402778
丹波山村,山梨県,35.78972222,138.9222222
長野市,長野県,36.64861111,138.1944444
松本市,長野県,36.23805556,137.9719444
上田市,長野県,36.40194444,138.2491667
岡谷市,長野県,36.06694444,138.0494444
飯田市,長野県,35.51472222,137.8219444
諏訪市,長野県,36.03916667,138.1141667
須坂市,長野県,36.65111111,138.3069444
小諸市,長野県,36.32694444,138.4261111
伊那市,長野県,35.8275,137.9538889
駒ヶ根市,長野県,35.72888889,137.9338889
中野市,長野県,36.74194444,138.3694444
大町市,長野県,36.50305556,137.8508333
飯山市,長野県,36.85166667,138.3655556
茅野市,長野県,35.99555556,138.1588889
塩尻市,長野県,36.115,137.9536111
佐久市,長野県,36.24888889,138.4769444
千曲市,長野県,36.530707,138.114895
東御市,長野県,36.35944444,138.3305556
安曇野市,長野県,36.303933,137.905755
小海町,長野県,36.095,138.4836111
川上村,長野県,35.97555556,138.5783333
南牧村,長野県,36.02083333,138.4922222
南相木村,長野県,36.03611111,138.5469444
北相木村,長野県,36.05916667,138.5511111
佐久穂町,長野県,36.16111111,138.4833333
軽井沢町,長野県,36.34833333,138.5969444
御代田町,長野県,36.322732,138.506505
立科町,長野県,36.27194444,138.3161111
青木村,長野県,36.37,138.1286111
長和町,長野県,36.269903,138.258071
下諏訪町,長野県,36.06972222,138.0802778
富士見町,長野県,35.91472222,138.2408333
原村,長野県,35.96444444,138.2175
辰野町,長野県,35.9825,137.9875
箕輪町,長野県,35.915,137.9819444
飯島町,長野県,35.67638889,137.9194444
南箕輪村,長野県,35.87277778,137.9752778
中川村,長野県,35.63444444,137.9461111
宮田村,長野県,35.76888889,137.9444444
松川町,長野県,35.59722222,137.9097222
高森町,長野県,35.55138889,137.8786111
阿南町,長野県,35.32361111,137.8161111
阿智村,長野県,35.44388889,137.7475
平谷村,長野県,35.32333333,137.6302778
根羽村,長野県,35.255296,137.581784
下條村,長野県,35.3975,137.7861111
売木村,長野県,35.27111111,137.7111111
天龍村,長野県,35.27638889,137.8544444
泰阜村,長野県,35.37722222,137.8458333
喬木村,長野県,35.51388889,137.8738889
豊丘村,長野県,35.55138889,137.8958333
大鹿村,長野県,35.57833333,138.0341667
上松町,長野県,35.782187,137.693235
南木曽町,長野県,35.60361111,137.6088889
木祖村,長野県,35.93638889,137.7830556
王滝村,長野県,35.80944444,137.5511111
大桑村,長野県,35.68277778,137.665
木曽町,長野県,35.8425,137.6916667
麻績村,長野県,36.45611111,138.0452778
生坂村,長野県,36.42527778,137.9275
山形村,長野県,36.16805556,137.8788889
朝日村,長野県,36.129115,137.867267
筑北村,長野県,36.402654,138.011775
池田町,長野県,36.42138889,137.8747222
松川村,長野県,36.42416667,137.8544444
白馬村,長野県,36.69833333,137.8622222
小谷村,長野県,36.77916667,137.9083333
坂城町,長野県,36.46194444,138.1802778
小布施町,長野県,36.69777778,138.3122222
高山村,長野県,36.67972222,138.3630556
山ノ内町,長野県,36.74472222,138.4125
木島平村,長野県,36.85861111,138.4066667
野沢温泉村,長野県,36.92277778,138.4405556
信濃町,長野県,36.80638889,138.2069444
小川村,長野県,36.61694444,137.9744444
飯綱町,長野県,36.755,138.2355556
栄村,長野県,36.9875,138.5775
岐阜市,岐阜県,35.426201,136.759937
大垣市,岐阜県,35.35944444,136.6127778
高山市,岐阜県,36.14583333,137.2522222
多治見市,岐阜県,35.33277778,137.1322222
関市,岐阜県,35.49583333,136.9177778
中津川市,岐阜県,35.4875,137.5005556
美濃市,岐阜県,35.54472222,136.9075
瑞浪市,岐阜県,35.36194444,137.2544444
羽島市,岐阜県,35.32,136.7033333
恵那市,岐阜県,35.44944444,137.4127778
美濃加茂市,岐阜県,35.44027778,137.0155556
土岐市,岐阜県,35.3525,137.1833333
各務原市,岐阜県,35.39888889,136.8486111
可児市,岐阜県,35.42583333,137.0611111
山県市,岐阜県,35.50611111,136.7813889
瑞穂市,岐阜県,35.39194444,136.6908333
飛騨市,岐阜県,36.23833333,137.1861111
本巣市,岐阜県,35.48305556,136.6786111
郡上市,岐阜県,35.74861111,136.9644444
下呂市,岐阜県,35.80583333,137.2441667
海津市,岐阜県,35.22055556,136.6366667
岐南町,岐阜県,35.38972222,136.7827778
笠松町,岐阜県,35.36722222,136.7633333
養老町,岐阜県,35.30833333,136.5613889
垂井町,岐阜県,35.366268,136.537944
関ケ原町,岐阜県,35.36527778,136.4672222
神戸町,岐阜県,35.4175,136.6086111
輪之内町,岐阜県,35.285,136.6375
安八町,岐阜県,35.33555556,136.6655556
揖斐川町,岐阜県,35.48694444,136.5680556
大野町,岐阜県,35.47055556,136.6275
池田町,岐阜県,35.44222222,136.5730556
北方町,岐阜県,35.435721,136.684408
坂祝町,岐阜県,35.42666667,136.9852778
富加町,岐阜県,35.48472222,136.9797222
川辺町,岐阜県,35.48666667,137.0705556
七宗町,岐阜県,35.54388889,137.12
八百津町,岐阜県,35.47611111,137.1416667
白川町,岐阜県,35.58222222,137.1883333
東白川村,岐阜県,35.6425,137.3238889
御嵩町,岐阜県,35.43444444,137.1308333
白川村,岐阜県,36.27083333,136.8986111
静岡市,静岡県,34.97555556,138.3827778
静岡市 葵区,静岡県,34.97527778,138.3830556
静岡市 駿河区,静岡県,34.96055556,138.4041667
静岡市 清水区,静岡県,35.01583333,138.4897222
浜松市,静岡県,34.71083333,137.7266667
浜松市 中区,静岡県,34.71111111,137.7266667
浜松市 東区,静岡県,34.74138889,137.7916667
浜松市 西区,静岡県,34.69277778,137.6452778
浜松市 南区,静岡県,34.66722222,137.7522222
浜松市 北区,静岡県,34.80611111,137.6511111
浜松市 浜北区,静岡県,34.79305556,137.79
浜松市 天竜区,静岡県,34.87277778,137.8161111
沼津市,静岡県,35.09555556,138.8636111
熱海市,静岡県,35.09611111,139.0716667
三島市,静岡県,35.11861111,138.9186111
富士宮市,静岡県,35.22222222,138.6213889
伊東市,静岡県,34.96583333,139.1019444
島田市,静岡県,34.83638889,138.1761111
富士市,静岡県,35.16138889,138.6763889
磐田市,静岡県,34.71777778,137.8513889
焼津市,静岡県,34.86694444,138.3230556
掛川市,静岡県,34.76861111,137.9983333
藤枝市,静岡県,34.8675,138.2577778
御殿場市,静岡県,35.30861111,138.935
袋井市,静岡県,34.75027778,137.925
下田市,静岡県,34.67944444,138.9452778
裾野市,静岡県,35.17388889,138.9066667
湖西市,静岡県,34.71861111,137.5316667
伊豆市,静岡県,34.97666667,138.9469444
御前崎市,静岡県,34.63805556,138.1280556
菊川市,静岡県,34.75777778,138.0841667
伊豆の国市,静岡県,35.02777778,138.9288889
牧之原市,静岡県,34.74,138.2247222
東伊豆町,静岡県,34.77277778,139.0413889
河津町,静岡県,34.75722222,138.9875
南伊豆町,静岡県,34.65055556,138.8591667
松崎町,静岡県,34.75305556,138.7788889
西伊豆町,静岡県,34.77166667,138.7752778
函南町,静岡県,35.08888888,138.9533333
清水町,静岡県,35.09916667,138.9027778
長泉町,静岡県,35.13777778,138.8972222
小山町,静岡県,35.36,138.9875
吉田町,静岡県,34.77083333,138.2519444
川根本町,静岡県,35.04694444,138.0816667
森町,静岡県,34.83555556,137.9272222
名古屋市,愛知県,35.18166667,136.9063889
名古屋市 千種区,愛知県,35.16638889,136.9463889
名古屋市 東区,愛知県,35.17944444,136.9261111
名古屋市 北区,愛知県,35.19416667,136.9116667
名古屋市 西区,愛知県,35.18916666,136.89
名古屋市 中村区,愛知県,35.16861111,136.8730556
名古屋市 中区,愛知県,35.16861111,136.9102778
名古屋市 昭和区,愛知県,35.15027778,136.9341667
名古屋市 瑞穂区,愛知県,35.13166667,136.935
名古屋市 熱田区,愛知県,35.12833333,136.9105556
名古屋市 中川区,愛知県,35.14166667,136.855
名古屋市 港区,愛知県,35.10777778,136.8855556
名古屋市 南区,愛知県,35.095,136.9311111
名古屋市 守山区,愛知県,35.20333333,136.9766667
名古屋市 緑区,愛知県,35.07083333,136.9522222
名古屋市 名東区,愛知県,35.17583333,137.0102778
名古屋市 天白区,愛知県,35.12277778,136.975
豊橋市,愛知県,34.76916667,137.3913889
岡崎市,愛知県,34.95472222,137.1730556
一宮市,愛知県,35.30416667,136.8025
瀬戸市,愛知県,35.22333333,137.0841667
半田市,愛知県,34.8925,136.9377778
春日井市,愛知県,35.2475,136.9722222
豊川市,愛知県,34.82694444,137.3758333
津島市,愛知県,35.17722222,136.7413889
碧南市,愛知県,34.88472222,136.9936111
刈谷市,愛知県,34.98916667,137.0025
豊田市,愛知県,35.08333333,137.1563889
安城市,愛知県,34.95861426,137.0802809
西尾市,愛知県,34.86194444,137.0619444
蒲郡市,愛知県,34.82638889,137.2197222
犬山市,愛知県,35.37861111,136.9441667
常滑市,愛知県,34.88666667,136.8325
江南市,愛知県,35.33222222,136.8708333
小牧市,愛知県,35.290311,136.910948
稲沢市,愛知県,35.24805556,136.7802778
新城市,愛知県,34.89916667,137.4986111
東海市,愛知県,35.02305556,136.9025
大府市,愛知県,35.01222222,136.9633333
知多市,愛知県,34.99666667,136.8647222
知立市,愛知県,35.00138889,137.0505556
尾張旭市,愛知県,35.21638889,137.0352778
高浜市,愛知県,34.9275,136.9877778
岩倉市,愛知県,35.28,136.8713889
豊明市,愛知県,35.05388889,137.0127778
日進市,愛知県,35.13194444,137.0394444
田原市,愛知県,34.66916667,137.2636111
愛西市,愛知県,35.15277778,136.7283333
清須市,愛知県,35.19972222,136.8527778
北名古屋市,愛知県,35.24555556,136.8661111
弥富市,愛知県,35.11,136.7247222
みよし市,愛知県,35.08972222,137.0744444
あま市,愛知県,35.20055556,136.7836111
長久手市,愛知県,35.18416667,137.0486111
東郷町,愛知県,35.09694444,137.0525
豊山町,愛知県,35.25083333,136.9122222
大口町,愛知県,35.3325,136.9077778
扶桑町,愛知県,35.35916667,136.9130556
大治町,愛知県,35.175,136.82
蟹江町,愛知県,35.13222222,136.7869444
飛島村,愛知県,35.07888889,136.7913889
阿久比町,愛知県,34.9325,136.9155556
東浦町,愛知県,34.97722222,136.9655556
南知多町,愛知県,34.71527778,136.9297222
美浜町,愛知県,34.77888889,136.9083333
武豊町,愛知県,34.85138889,136.915
幸田町,愛知県,34.86472222,137.1655556
設楽町,愛知県,35.097298,137.571225
東栄町,愛知県,35.07694444,137.6977778
豊根村,愛知県,35.14638889,137.7197222
津市,三重県,34.71861111,136.5055556
四日市市,三重県,34.965,136.6244444
伊勢市,三重県,34.4875,136.7094444
松阪市,三重県,34.57805556,136.5275
桑名市,三重県,35.06222222,136.6838889
鈴鹿市,三重県,34.88222222,136.5841667
名張市,三重県,34.6275,136.1083333
尾鷲市,三重県,34.07083333,136.1911111
亀山市,三重県,34.85583333,136.4516667
鳥羽市,三重県,34.48138889,136.8436111
熊野市,三重県,33.88861111,136.1002778
いなべ市,三重県,35.158426,136.516697
志摩市,三重県,34.32833333,136.8297222
伊賀市,三重県,34.749886,136.142286
木曽岬町,三重県,35.07583333,136.7311111
東員町,三重県,35.07416667,136.5836111
菰野町,三重県,35.02,136.5075
朝日町,三重県,35.03416667,136.6644444
川越町,三重県,35.02305556,136.6738889
多気町,三重県,34.49611111,136.5461111
明和町,三重県,34.54777778,136.6236111
大台町,三重県,34.39333333,136.4080556
玉城町,三重県,34.49027778,136.6308333
度会町,三重県,34.43888889,136.6225
大紀町,三重県,34.35805556,136.4158333
南伊勢町,三重県,34.35194444,136.7038889
紀北町,三重県,34.211458,136.337337
御浜町,三重県,33.81444444,136.0488889
紀宝町,三重県,33.73388889,136.0097222
大津市,滋賀県,35.01777778,135.8547222
彦根市,滋賀県,35.27444444,136.2597222
長浜市,滋賀県,35.380758,136.278384
近江八幡市,滋賀県,35.12833333,136.0980556
草津市,滋賀県,35.01305556,135.96
守山市,滋賀県,35.05888889,135.9944444
栗東市,滋賀県,35.02166667,135.9980556
甲賀市,滋賀県,34.96611111,136.1672222
野洲市,滋賀県,35.0675,136.0258333
湖南市,滋賀県,35.00416667,136.085
高島市,滋賀県,35.35277778,136.0355556
東近江市,滋賀県,35.11277778,136.2077778
米原市,滋賀県,35.315046,136.291402
日野町,滋賀県,35.01805556,136.2461111
竜王町,滋賀県,35.06083333,136.1244444
愛荘町,滋賀県,35.16888889,136.2125
豊郷町,滋賀県,35.20055556,136.23
甲良町,滋賀県,35.20416667,136.2613889
多賀町,滋賀県,35.22194444,136.2922222
京都市,京都府,35.01166667,135.7683333
京都市 北区,京都府,35.04111111,135.7541667
京都市 上京区,京都府,35.02972222,135.7566667
京都市 左京区,京都府,35.04860433,135.7785389
京都市 中京区,京都府,35.01,135.7513889
京都市 東山区,京都府,34.99694444,135.7763889
京都市 下京区,京都府,34.9875,135.7555556
京都市 南区,京都府,34.97666667,135.7466667
京都市 右京区,京都府,35.01027778,135.7158333
京都市 伏見区,京都府,34.93611111,135.7613889
京都市 山科区,京都府,34.9725,135.8136111
京都市 西京区,京都府,34.985,135.6933333
福知山市,京都府,35.29666667,135.1263889
舞鶴市,京都府,35.47472222,135.3861111
綾部市,京都府,35.29888889,135.2586111
宇治市,京都府,34.88444444,135.7997222
宮津市,京都府,35.53555556,135.1955556
亀岡市,京都府,35.01361111,135.5738889
城陽市,京都府,34.85305556,135.78
向日市,京都府,34.94861111,135.6983333
長岡京市,京都府,34.92666667,135.6955556
八幡市,京都府,34.87555556,135.7077778
京田辺市,京都府,34.81444444,135.7677778
京丹後市,京都府,35.62416667,135.0611111
南丹市,京都府,35.10722222,135.47
木津川市,京都府,34.73694444,135.8208333
大山崎町,京都府,34.90277778,135.6886111
久御山町,京都府,34.88138889,135.7327778
井手町,京都府,34.79861111,135.8033333
宇治田原町,京都府,34.845154,135.868238
笠置町,京都府,34.76055556,135.9394444
和束町,京都府,34.79583333,135.905
精華町,京都府,34.76083333,135.7858333
南山城村,京都府,34.77277778,135.9938889
京丹波町,京都府,35.169997,135.419305
伊根町,京都府,35.67527777,135.2727778
与謝野町,京都府,35.56527778,135.1527778
大阪市,大阪府,34.69388889,135.5022222
大阪市 都島区,大阪府,34.70138889,135.5280556
大阪市 福島区,大阪府,34.69222222,135.4722222
大阪市 此花区,大阪府,34.68305556,135.4522222
大阪市 西区,大阪府,34.67638889,135.4861111
大阪市 港区,大阪府,34.66388889,135.4608333
大阪市 大正区,大阪府,34.65027778,135.4727778
大阪市 天王寺区,大阪府,34.65777778,135.5194444
大阪市 浪速区,大阪府,34.65944444,135.4997222
大阪市 西淀川区,大阪府,34.71138889,135.4561111
大阪市 東淀川区,大阪府,34.74111111,135.5294444
大阪市 東成区,大阪府,34.67,135.5411111
大阪市 生野区,大阪府,34.65361111,135.5344444
大阪市 旭区,大阪府,34.72138889,135.5441667
大阪市 城東区,大阪府,34.70194444,135.5461111
大阪市 阿倍野区,大阪府,34.63861111,135.5186111
大阪市 住吉区,大阪府,34.60361111,135.5005556
大阪市 東住吉区,大阪府,34.62194444,135.5269444
大阪市 西成区,大阪府,34.635,135.4944444
大阪市 淀川区,大阪府,34.72111111,135.4866667
大阪市 鶴見区,大阪府,34.70444444,135.5741667
大阪市 住之江区,大阪府,34.60944444,135.4827778
大阪市 平野区,大阪府,34.62111111,135.5461111
大阪市 北区,大阪府,34.70555556,135.51
大阪市 中央区,大阪府,34.68111111,135.5097222
堺市,大阪府,34.57333333,135.4830556
堺市 堺区,大阪府,34.57333333,135.4830556
堺市 中区,大阪府,34.52833333,135.4988889
堺市 東区,大阪府,34.53805556,135.5363889
堺市 西区,大阪府,34.535,135.4638889
堺市 南区,大阪府,34.48638889,135.4902778
堺市 北区,大阪府,34.56555556,135.5172222
堺市 美原区,大阪府,34.53861111,135.5608333
岸和田市,大阪府,34.46027778,135.3711111
豊中市,大阪府,34.78138889,135.47
池田市,大阪府,34.82166667,135.4286111
吹田市,大阪府,34.75944444,135.5169444
泉大津市,大阪府,34.50444444,135.4102778
高槻市,大阪府,34.84611111,135.6172222
貝塚市,大阪府,34.43777778,135.3586111
守口市,大阪府,34.735811,135.561724
枚方市,大阪府,34.81444444,135.6508333
茨木市,大阪府,34.81638889,135.5686111
八尾市,大阪府,34.62694444,135.6008333
泉佐野市,大阪府,34.40666667,135.3275
富田林市,大阪府,34.49916667,135.5972222
寝屋川市,大阪府,34.76611111,135.6280556
河内長野市,大阪府,34.45833333,135.5641667
松原市,大阪府,34.57805556,135.5516667
大東市,大阪府,34.71194444,135.6233333
和泉市,大阪府,34.48361111,135.4236111
箕面市,大阪府,34.82694444,135.4705556
柏原市,大阪府,34.57916667,135.6286111
羽曳野市,大阪府,34.55777778,135.6061111
門真市,大阪府,34.73916667,135.5869444
摂津市,大阪府,34.77722222,135.5622222
高石市,大阪府,34.52055556,135.4422222
藤井寺市,大阪府,34.57472222,135.5975
東大阪市,大阪府,34.67944444,135.6008333
泉南市,大阪府,34.36583333,135.2736111
四條畷市,大阪府,34.74,135.6394444
交野市,大阪府,34.78805556,135.68
大阪狭山市,大阪府,34.50361111,135.5555556
阪南市,大阪府,34.35944444,135.2397222
島本町,大阪府,34.88388889,135.6627778
豊能町,大阪府,34.91888889,135.4941667
能勢町,大阪府,34.9725,135.4141667
忠岡町,大阪府,34.48694444,135.4011111
熊取町,大阪府,34.40138889,135.3561111
田尻町,大阪府,34.39361111,135.2911111
岬町,大阪府,34.31694444,135.1422222
太子町,大阪府,34.51861111,135.6480556
河南町,大阪府,34.49166667,135.6297222
千早赤阪村,大阪府,34.46444444,135.6225
神戸市,兵庫県,34.69,135.1955556
神戸市 東灘区,兵庫県,34.72027778,135.2655556
神戸市 灘区,兵庫県,34.7125,135.2394444
神戸市 兵庫区,兵庫県,34.68055556,135.1652778
神戸市 長田区,兵庫県,34.66555556,135.1508333
神戸市 須磨区,兵庫県,34.65027778,135.1302778
神戸市 垂水区,兵庫県,34.63055556,135.0569444
神戸市 北区,兵庫県,34.72722222,135.1444444
神戸市 中央区,兵庫県,34.695,135.1977778
神戸市 西区,兵庫県,34.68305556,134.9816667
姫路市,兵庫県,34.81527778,134.6855556
尼崎市,兵庫県,34.73333333,135.4063889
明石市,兵庫県,34.64305556,134.9975
西宮市,兵庫県,34.73777778,135.3419444
洲本市,兵庫県,34.3425,134.8955556
芦屋市,兵庫県,34.72694444,135.3044444
伊丹市,兵庫県,34.78416667,135.4008333
相生市,兵庫県,34.80361111,134.4680556
豊岡市,兵庫県,35.54444444,134.82
加古川市,兵庫県,34.75694444,134.8413889
赤穂市,兵庫県,34.755,134.3902778
西脇市,兵庫県,34.98343,134.97973
宝塚市,兵庫県,34.8,135.3602778
三木市,兵庫県,34.79666667,134.99
高砂市,兵庫県,34.76583333,134.7905556
川西市,兵庫県,34.83,135.4172222
小野市,兵庫県,34.857867,134.939799
三田市,兵庫県,34.88944444,135.2252778
加西市,兵庫県,34.92777778,134.8419444
丹波篠山市,兵庫県,35.07583333,135.2191667
養父市,兵庫県,35.40472222,134.7675
丹波市,兵庫県,35.17722222,135.0358333
南あわじ市,兵庫県,34.294417,134.779952
朝来市,兵庫県,35.33972222,134.8530556
淡路市,兵庫県,34.44,134.9147222
宍粟市,兵庫県,35.00444444,134.5494444
加東市,兵庫県,34.9175,134.9736111
たつの市,兵庫県,34.85805556,134.5455556
猪名川町,兵庫県,34.895,135.3761111
多可町,兵庫県,35.05027778,134.9233333
稲美町,兵庫県,34.74888889,134.9136111
播磨町,兵庫県,34.71527778,134.8680556
市川町,兵庫県,34.98944444,134.7630556
福崎町,兵庫県,34.95027778,134.7602778
神河町,兵庫県,35.06416667,134.7394444
太子町,兵庫県,34.833246,134.572319
上郡町,兵庫県,34.87361111,134.3561111
佐用町,兵庫県,35.00416667,134.3558333
香美町,兵庫県,35.63222222,134.6291667
新温泉町,兵庫県,35.62333333,134.4491667
奈良市,奈良県,34.685,135.8047222
大和高田市,奈良県,34.515,135.7363889
大和郡山市,奈良県,34.64944444,135.7827778
天理市,奈良県,34.59666667,135.8372222
橿原市,奈良県,34.50916667,135.7925
桜井市,奈良県,34.51861111,135.8433333
五條市,奈良県,34.356358,135.695556
御所市,奈良県,34.46333333,135.7402778
生駒市,奈良県,34.69194444,135.7005556
香芝市,奈良県,34.54138889,135.6991667
葛城市,奈良県,34.48916667,135.7266667
宇陀市,奈良県,34.52777778,135.9525
山添村,奈良県,34.68138889,136.0438889
平群町,奈良県,34.62916667,135.7005556
三郷町,奈良県,34.60027778,135.6955556
斑鳩町,奈良県,34.60888889,135.7305556
安堵町,奈良県,34.60666667,135.7566667
川西町,奈良県,34.58444444,135.7741667
三宅町,奈良県,34.57361111,135.7730556
田原本町,奈良県,34.55666667,135.795
曽爾村,奈良県,34.51055556,136.1247222
御杖村,奈良県,34.48805556,136.1661111
高取町,奈良県,34.44944444,135.7930556
明日香村,奈良県,34.47111111,135.8205556
上牧町,奈良県,34.56277778,135.7166667
王寺町,奈良県,34.59472222,135.7069444
広陵町,奈良県,34.54277778,135.7508333
河合町,奈良県,34.57833333,135.7366667
吉野町,奈良県,34.39611111,135.8577778
大淀町,奈良県,34.39055556,135.79
下市町,奈良県,34.36111111,135.7919444
黒滝村,奈良県,34.30916667,135.8522222
天川村,奈良県,34.24194444,135.8552778
野迫川村,奈良県,34.16638889,135.6330556
十津川村,奈良県,33.98861111,135.7925
下北山村,奈良県,34.005,135.9552778
上北山村,奈良県,34.13444444,136.0002778
川上村,奈良県,34.33833333,135.9544444
東吉野村,奈良県,34.40361111,135.9683333
和歌山市,和歌山県,34.23055556,135.1708333
海南市,和歌山県,34.157533,135.239675
橋本市,和歌山県,34.31472222,135.6052778
有田市,和歌山県,34.08305556,135.1277778
御坊市,和歌山県,33.89138889,135.1525
田辺市,和歌山県,33.72805556,135.3777778
新宮市,和歌山県,33.72416667,135.9925
紀の川市,和歌山県,34.26972222,135.3625
岩出市,和歌山県,34.25638889,135.3111111
紀美野町,和歌山県,34.16694444,135.3080556
かつらぎ町,和歌山県,34.29638889,135.5041667
九度山町,和歌山県,34.28722222,135.5622222
高野町,和歌山県,34.21611111,135.5866667
湯浅町,和歌山県,34.029418,135.190427
広川町,和歌山県,34.03,135.1730556
有田川町,和歌山県,34.0575,135.2161111
美浜町,和歌山県,33.89361111,135.1333333
日高町,和歌山県,33.92555556,135.1408333
由良町,和歌山県,33.95944444,135.1183333
印南町,和歌山県,33.819533,135.222515
みなべ町,和歌山県,33.7725,135.3216667
日高川町,和歌山県,33.91166667,135.1861111
白浜町,和歌山県,33.67805556,135.3480556
上富田町,和歌山県,33.69611111,135.4288889
すさみ町,和歌山県,33.55027778,135.4966667
那智勝浦町,和歌山県,33.62611111,135.9408333
太地町,和歌山県,33.59416667,135.9438889
古座川町,和歌山県,33.53194444,135.8147222
北山村,和歌山県,33.93194444,135.9694444
串本町,和歌山県,33.485686,135.787016
鳥取市,鳥取県,35.494376,134.222133
米子市,鳥取県,35.42805556,133.3311111
倉吉市,鳥取県,35.43,133.8255556
境港市,鳥取県,35.53972222,133.2316667
岩美町,鳥取県,35.57583333,134.3319444
若桜町,鳥取県,35.34,134.4008333
智頭町,鳥取県,35.265,134.2266667
八頭町,鳥取県,35.40916667,134.2508333
三朝町,鳥取県,35.40861111,133.8625
湯梨浜町,鳥取県,35.49,133.8647222
琴浦町,鳥取県,35.49527778,133.6927778
北栄町,鳥取県,35.49,133.7586111
日吉津村,鳥取県,35.44027778,133.3805556
大山町,鳥取県,35.51083333,133.4961111
南部町,鳥取県,35.34027778,133.3266667
伯耆町,鳥取県,35.38527778,133.4075
日南町,鳥取県,35.16305556,133.3061111
日野町,鳥取県,35.24083333,133.4427778
江府町,鳥取県,35.27599,133.478963
松江市,島根県,35.46805556,133.0486111
浜田市,島根県,34.89916667,132.08
出雲市,島根県,35.36694444,132.7547222
益田市,島根県,34.675,131.8427778
大田市,島根県,35.19222222,132.4997222
安来市,島根県,35.43166667,133.2508333
江津市,島根県,35.011621,132.217754
雲南市,島根県,35.307718,132.900345
奥出雲町,島根県,35.1975,133.0025
飯南町,島根県,35,132.7138889
川本町,島根県,34.995211,132.495853
美郷町,島根県,35.07666667,132.5911111
邑南町,島根県,34.89388889,132.4377778
津和野町,島根県,34.541961,131.83508
吉賀町,島根県,34.35361111,131.935
海士町,島根県,36.09666667,133.0969444
西ノ島町,島根県,36.091825,133.013467
知夫村,島根県,36.01416667,133.0397222
隠岐の島町,島根県,36.213394,133.311818
岡山市,岡山県,34.655,133.9197222
岡山市 北区,岡山県,34.655,133.9197222
岡山市 中区,岡山県,34.67083333,133.9430556
岡山市 東区,岡山県,34.65833333,134.0363889
岡山市 南区,岡山県,34.54388889,133.8652778
倉敷市,岡山県,34.585,133.7719444
津山市,岡山県,35.06944444,134.0044444
玉野市,岡山県,34.49194444,133.9458333
笠岡市,岡山県,34.50722222,133.5072222
井原市,岡山県,34.59777778,133.4638889
総社市,岡山県,34.67277778,133.7466667
高梁市,岡山県,34.79138889,133.6166667
新見市,岡山県,34.97722222,133.4702778
備前市,岡山県,34.745,134.1880556
瀬戸内市,岡山県,34.665,134.0927778
赤磐市,岡山県,34.75527778,134.0188889
真庭市,岡山県,35.07555556,133.7527778
美作市,岡山県,35.00861111,134.1486111
浅口市,岡山県,34.52777778,133.585
和気町,岡山県,34.80277778,134.1575
早島町,岡山県,34.60055556,133.8283333
里庄町,岡山県,34.51361111,133.5569444
矢掛町,岡山県,34.62777778,133.5872222
新庄村,岡山県,35.17944444,133.5677778
鏡野町,岡山県,35.09194444,133.9330556
勝央町,岡山県,35.04194444,134.1161111
奈義町,岡山県,35.12305556,134.1775
西粟倉村,岡山県,35.17138889,134.3363889
久米南町,岡山県,34.92916667,133.9608333
美咲町,岡山県,34.99777778,133.9583333
吉備中央町,岡山県,34.8625,133.6938889
広島市,広島県,34.38527778,132.4552778
広島市 中区,広島県,34.38611111,132.4552778
広島市 東区,広島県,34.39527778,132.4827778
広島市 南区,広島県,34.38,132.4691667
広島市 西区,広島県,34.39388889,132.4344444
広島市 安佐南区,広島県,34.45194444,132.4716667
広島市 安佐北区,広島県,34.51833333,132.5077778
広島市 安芸区,広島県,34.37166667,132.5255556
広島市 佐伯区,広島県,34.36444444,132.3608333
呉市,広島県,34.24916667,132.5658333
竹原市,広島県,34.34166667,132.9069444
三原市,広島県,34.3975,133.0786111
尾道市,広島県,34.40888889,133.205
福山市,広島県,34.48583333,133.3625
府中市,広島県,34.56833333,133.2363889
三次市,広島県,34.80583333,132.8516667
庄原市,広島県,34.85777778,133.0166667
大竹市,広島県,34.23805556,132.2222222
東広島市,広島県,34.42694444,132.7436111
廿日市市,広島県,34.34861111,132.3316667
安芸高田市,広島県,34.66638889,132.7038889
江田島市,広島県,34.17490134,132.46229356
府中町,広島県,34.3925,132.5044444
海田町,広島県,34.37222222,132.5361111
熊野町,広島県,34.33583333,132.5844444
坂町,広島県,34.34138889,132.5138889
安芸太田町,広島県,34.57666667,132.2269444
北広島町,広島県,34.67444444,132.5383333
大崎上島町,広島県,34.26972222,132.9152778
世羅町,広島県,34.58666667,133.0566667
神石高原町,広島県,34.703612,133.251651
下関市,山口県,33.95777778,130.9413889
宇部市,山口県,33.95166667,131.2466667
山口市,山口県,34.17833333,131.4738889
萩市,山口県,34.40805556,131.3991667
防府市,山口県,34.05194444,131.5627778
下松市,山口県,34.015,131.8702778
岩国市,山口県,34.16694444,132.2197222
光市,山口県,33.96166667,131.9422222
長門市,山口県,34.37111111,131.1822222
柳井市,山口県,33.96388889,132.1016667
美祢市,山口県,34.16666667,131.2058333
周南市,山口県,34.05527778,131.8061111
山陽小野田市,山口県,34.00333333,131.1819444
周防大島町,山口県,33.9275,132.1952778
和木町,山口県,34.20222222,132.2202778
上関町,山口県,33.83083333,132.1108333
田布施町,山口県,33.95472222,132.0413889
平生町,山口県,33.93805556,132.0733333
阿武町,山口県,34.50333333,131.4711111
徳島市,徳島県,34.07027778,134.5547222
鳴門市,徳島県,34.1725,134.6088889
小松島市,徳島県,34.00472222,134.5905556
阿南市,徳島県,33.92166667,134.6594444
吉野川市,徳島県,34.06638889,134.3586111
阿波市,徳島県,34.102138,134.297456
美馬市,徳島県,34.05333333,134.17
三好市,徳島県,34.02583333,133.8072222
勝浦町,徳島県,33.93138889,134.5113889
上勝町,徳島県,33.88888889,134.4019444
佐那河内村,徳島県,33.99305556,134.4533333
石井町,徳島県,34.07472222,134.4405556
神山町,徳島県,33.96722222,134.3505556
那賀町,徳島県,33.85722222,134.4958333
牟岐町,徳島県,33.66833333,134.4208333
美波町,徳島県,33.73472222,134.5355556
海陽町,徳島県,33.60194444,134.3519444
松茂町,徳島県,34.13388889,134.5802778
北島町,徳島県,34.12555556,134.5469444
藍住町,徳島県,34.12666667,134.495
板野町,徳島県,34.14416667,134.4625
上板町,徳島県,34.12138889,134.405
つるぎ町,徳島県,34.03722222,134.0641667
東みよし町,徳島県,34.03666667,133.9369444
高松市,香川県,34.34277778,134.0466667
丸亀市,香川県,34.28944444,133.7977778
坂出市,香川県,34.31638889,133.8605556
善通寺市,香川県,34.22833333,133.7872222
観音寺市,香川県,34.12722222,133.6616667
さぬき市,香川県,34.32527778,134.1722222
東かがわ市,香川県,34.24388889,134.3588889
三豊市,香川県,34.18277777,133.715
土庄町,香川県,34.486653,134.188629
小豆島町,香川県,34.479714,134.30888
三木町,香川県,34.26833333,134.1344444
直島町,香川県,34.46,133.9955556
宇多津町,香川県,34.31055556,133.8255556
綾川町,香川県,34.24944444,133.9230556
琴平町,香川県,34.19138889,133.8233333
多度津町,香川県,34.2725,133.7536111
まんのう町,香川県,34.19222222,133.8413889
松山市,愛媛県,33.83916667,132.7655556
今治市,愛媛県,34.06611111,132.9977778
宇和島市,愛媛県,33.22333333,132.5605556
八幡浜市,愛媛県,33.46305556,132.4233333
新居浜市,愛媛県,33.96027778,133.2833333
西条市,愛媛県,33.91972222,133.1811111
大洲市,愛媛県,33.50638889,132.5447222
伊予市,愛媛県,33.7575,132.7038889
四国中央市,愛媛県,33.98083333,133.5491667
西予市,愛媛県,33.36305556,132.5111111
東温市,愛媛県,33.79111111,132.8719444
上島町,愛媛県,34.2575,133.2044444
久万高原町,愛媛県,33.65555556,132.9016667
松前町,愛媛県,33.7875,132.7113889
砥部町,愛媛県,33.74916667,132.7922222
内子町,愛媛県,33.53305556,132.6580556
伊方町,愛媛県,33.48833333,132.3541667
松野町,愛媛県,33.22722222,132.7108333
鬼北町,愛媛県,33.25583333,132.6841667
愛南町,愛媛県,32.96222222,132.5833333
高知市,高知県,33.55888889,133.5313889
室戸市,高知県,33.29,134.1519444
安芸市,高知県,33.5025,133.9072222
南国市,高知県,33.57555556,133.6413889
土佐市,高知県,33.49611111,133.4252778
須崎市,高知県,33.40083333,133.2830556
宿毛市,高知県,32.93888889,132.7261111
土佐清水市,高知県,32.78138889,132.955
四万十市,高知県,32.99138889,132.9338889
香南市,高知県,33.56416667,133.7005556
香美市,高知県,33.60388889,133.6861111
東洋町,高知県,33.52805556,134.28
奈半利町,高知県,33.42416667,134.0211111
田野町,高知県,33.42777778,134.0083333
安田町,高知県,33.43833333,133.9811111
北川村,高知県,33.44777778,134.0422222
馬路村,高知県,33.55527778,134.0480556
芸西村,高知県,33.52694444,133.8091667
本山町,高知県,33.75694444,133.5916667
大豊町,高知県,33.768594,133.642959
土佐町,高知県,33.73694444,133.5322222
大川村,高知県,33.78361111,133.4666667
いの町,高知県,33.54861111,133.4277778
仁淀川町,高知県,33.575286,133.171
中土佐町,高知県,33.329273,133.224785
佐川町,高知県,33.50083333,133.2866667
越知町,高知県,33.53277778,133.2519444
檮原町,高知県,33.39194444,132.9269444
日高村,高知県,33.53472222,133.3733333
津野町,高知県,33.44666667,133.1994444
四万十町,高知県,33.211606,133.137037
大月町,高知県,32.84138889,132.7069444
三原村,高知県,32.90611111,132.8472222
黒潮町,高知県,33.024965,133.004158
北九州市,福岡県,33.88333333,130.8752778
北九州市 門司区,福岡県,33.94111111,130.9597222
北九州市 若松区,福岡県,33.90555556,130.8111111
北九州市 戸畑区,福岡県,33.89333333,130.8297222
北九州市 小倉北区,福岡県,33.88083333,130.8736111
北九州市 小倉南区,福岡県,33.84638889,130.8847222
北九州市 八幡東区,福岡県,33.86361111,130.8119444
北九州市 八幡西区,福岡県,33.86138889,130.7602778
福岡市,福岡県,33.59,130.4016667
福岡市 東区,福岡県,33.61777778,130.4175
福岡市 博多区,福岡県,33.59138889,130.415
福岡市 中央区,福岡県,33.58916667,130.3930556
福岡市 南区,福岡県,33.56166667,130.4266667
福岡市 西区,福岡県,33.58277778,130.3230556
福岡市 城南区,福岡県,33.57583333,130.37
福岡市 早良区,福岡県,33.58194444,130.3483333
大牟田市,福岡県,33.03027778,130.4461111
久留米市,福岡県,33.31944444,130.5083333
直方市,福岡県,33.74388889,130.7297222
飯塚市,福岡県,33.64583333,130.6913889
田川市,福岡県,33.63888889,130.8061111
柳川市,福岡県,33.16305556,130.4061111
八女市,福岡県,33.21194444,130.5577778
筑後市,福岡県,33.21222222,130.5022222
大川市,福岡県,33.20666667,130.3838889
行橋市,福岡県,33.72861111,130.9830556
豊前市,福岡県,33.61166667,131.1302778
中間市,福岡県,33.81666667,130.7091667
小郡市,福岡県,33.39638889,130.5555556
筑紫野市,福岡県,33.487386,130.526007
春日市,福岡県,33.53277778,130.4702778
大野城市,福岡県,33.53638889,130.4788889
宗像市,福岡県,33.80555556,130.5405556
太宰府市,福岡県,33.51277778,130.5238889
古賀市,福岡県,33.72888889,130.47
福津市,福岡県,33.76694444,130.4911111
うきは市,福岡県,33.34722222,130.755
宮若市,福岡県,33.72361111,130.6666667
嘉麻市,福岡県,33.598421,130.719217
朝倉市,福岡県,33.42333333,130.6655556
みやま市,福岡県,33.1525,130.4747222
糸島市,福岡県,33.55722222,130.1955556
那珂川市,福岡県,33.49944444,130.4222222
宇美町,福岡県,33.56777778,130.5111111
篠栗町,福岡県,33.62388889,130.5263889
志免町,福岡県,33.59138889,130.4797222
須恵町,福岡県,33.58722222,130.5072222
新宮町,福岡県,33.71527778,130.4466667
久山町,福岡県,33.64666667,130.5
粕屋町,福岡県,33.61083333,130.4805556
芦屋町,福岡県,33.89388889,130.6638889
水巻町,福岡県,33.85472222,130.6947222
岡垣町,福岡県,33.85361111,130.6113889
遠賀町,福岡県,33.84805556,130.6683333
小竹町,福岡県,33.696782,130.707784
鞍手町,福岡県,33.79194444,130.6741667
桂川町,福岡県,33.57888889,130.6780556
筑前町,福岡県,33.45694444,130.5952778
東峰村,福岡県,33.39722222,130.87
大刀洗町,福岡県,33.3725,130.6225
大木町,福岡県,33.21055556,130.4397222
広川町,福岡県,33.24138889,130.5513889
香春町,福岡県,33.66805556,130.8472222
添田町,福岡県,33.57166667,130.8541667
糸田町,福岡県,33.65277778,130.7791667
川崎町,福岡県,33.6,130.8152778
大任町,福岡県,33.612164,130.853742
赤村,福岡県,33.61666667,130.8708333
福智町,福岡県,33.68333333,130.78
苅田町,福岡県,33.77611111,130.9805556
みやこ町,福岡県,33.69916667,130.9205556
吉富町,福岡県,33.60277778,131.1761111
上毛町,福岡県,33.57833333,131.1644444
築上町,福岡県,33.65611111,131.0561111
佐賀市,佐賀県,33.26333333,130.3008333
唐津市,佐賀県,33.45,129.9686111
鳥栖市,佐賀県,33.37777778,130.5061111
多久市,佐賀県,33.28861111,130.1102778
伊万里市,佐賀県,33.26472222,129.8808333
武雄市,佐賀県,33.194873,130.021557
鹿島市,佐賀県,33.10416667,130.0986111
小城市,佐賀県,33.273776,130.21728
嬉野市,佐賀県,33.12777778,130.06
神埼市,佐賀県,33.311423,130.371662
吉野ヶ里町,佐賀県,33.32111111,130.3988889
基山町,佐賀県,33.42694444,130.5230556
上峰町,佐賀県,33.31944444,130.4261111
みやき町,佐賀県,33.325,130.4544444
玄海町,佐賀県,33.47222222,129.8747222
有田町,佐賀県,33.21055556,129.8491667
大町町,佐賀県,33.21388889,130.1161111
江北町,佐賀県,33.22055556,130.1572222
白石町,佐賀県,33.18083333,130.1433333
太良町,佐賀県,33.01944444,130.1791667
長崎市,長崎県,32.75027778,129.8777778
佐世保市,長崎県,33.18,129.7155556
島原市,長崎県,32.78805556,130.3705556
諫早市,長崎県,32.84416667,130.0536111
大村市,長崎県,32.9,129.9583333
平戸市,長崎県,33.36805556,129.5538889
松浦市,長崎県,33.34111111,129.7091667
対馬市,長崎県,34.20277778,129.2875
壱岐市,長崎県,33.75,129.6911111
五島市,長崎県,32.69555556,128.8408333
西海市,長崎県,32.93305556,129.6430556
雲仙市,長崎県,32.835,130.1875
南島原市,長崎県,32.65972222,130.2977778
長与町,長崎県,32.82527778,129.875
時津町,長崎県,32.82888889,129.8486111
東彼杵町,長崎県,33.03694444,129.9172222
川棚町,長崎県,33.07277778,129.8613889
波佐見町,長崎県,33.13805556,129.8955556
小値賀町,長崎県,33.19111111,129.0591667
佐々町,長崎県,33.23833333,129.6505556
新上五島町,長崎県,32.98444444,129.0733333
熊本市,熊本県,32.80333333,130.7080556
熊本市 中央区,熊本県,32.80328437,130.708129
熊本市 東区,熊本県,32.78026533,130.7672631
熊本市 西区,熊本県,32.77648925,130.6475529
熊本市 南区,熊本県,32.71526057,130.6789092
熊本市 北区,熊本県,32.9036181,130.694254
八代市,熊本県,32.5075,130.6019444
人吉市,熊本県,32.216889,130.739392
荒尾市,熊本県,32.98666667,130.4333333
水俣市,熊本県,32.21194444,130.4088889
玉名市,熊本県,32.935266,130.562877
山鹿市,熊本県,33.01666667,130.6913889
菊池市,熊本県,32.97972222,130.8130556
宇土市,熊本県,32.68722715,130.6586359
上天草市,熊本県,32.5875,130.4305556
宇城市,熊本県,32.64777778,130.6841667
阿蘇市,熊本県,32.95222222,131.1213889
天草市,熊本県,32.45861111,130.1930556
合志市,熊本県,32.88583333,130.7897222
美里町,熊本県,32.63972222,130.7888889
玉東町,熊本県,32.91888889,130.6286111
南関町,熊本県,33.06166667,130.5413889
長洲町,熊本県,32.92972222,130.4527778
和水町,熊本県,32.97805556,130.6058333
大津町,熊本県,32.87888889,130.8683333
菊陽町,熊本県,32.8625,130.8286111
南小国町,熊本県,33.09833333,131.0708333
小国町,熊本県,33.12138889,131.0683333
産山村,熊本県,32.99555556,131.2169444
高森町,熊本県,32.82722222,131.1219444
西原村,熊本県,32.83472222,130.9030556
南阿蘇村,熊本県,32.845046,131.017881
御船町,熊本県,32.71444444,130.8019444
嘉島町,熊本県,32.74,130.7572222
益城町,熊本県,32.800608,130.817015
甲佐町,熊本県,32.65138889,130.8116667
山都町,熊本県,32.685,130.99
氷川町,熊本県,32.5825,130.6736111
芦北町,熊本県,32.29888889,130.4930556
津奈木町,熊本県,32.23388889,130.4402778
錦町,熊本県,32.20111111,130.8411111
多良木町,熊本県,32.26416667,130.9358333
湯前町,熊本県,32.27611111,130.9811111
水上村,熊本県,32.31444444,131.0094444
相良村,熊本県,32.23527778,130.7980556
五木村,熊本県,32.39694444,130.8277778
山江村,熊本県,32.24638889,130.7672222
球磨村,熊本県,32.25277778,130.6513889
あさぎり町,熊本県,32.24027778,130.8980556
苓北町,熊本県,32.51305556,130.0547222
大分市,大分県,33.23944444,131.6097222
別府市,大分県,33.28472222,131.4911111
中津市,大分県,33.59833333,131.1883333
日田市,大分県,33.32111111,130.9413889
佐伯市,大分県,32.96027778,131.8994444
臼杵市,大分県,33.12583333,131.8047222
津久見市,大分県,33.0725,131.8611111
竹田市,大分県,32.97305556,131.3983333
豊後高田市,大分県,33.556202,131.446931
杵築市,大分県,33.41694444,131.6161111
宇佐市,大分県,33.53194444,131.3494444
豊後大野市,大分県,32.97805556,131.585
由布市,大分県,33.18,131.4266667
国東市,大分県,33.563327,131.732264
姫島村,大分県,33.72444444,131.6452778
日出町,大分県,33.36944444,131.5325
九重町,大分県,33.22833333,131.1888889
玖珠町,大分県,33.28333333,131.1513889
宮崎市,宮崎県,31.90777778,131.4202778
都城市,宮崎県,31.71972222,131.0616667
延岡市,宮崎県,32.58222222,131.665
日南市,宮崎県,31.60194444,131.3788889
小林市,宮崎県,31.99666667,130.9727778
日向市,宮崎県,32.42277778,131.6238889
串間市,宮崎県,31.46472222,131.2286111
西都市,宮崎県,32.10861111,131.4013889
えびの市,宮崎県,32.04555556,130.8111111
三股町,宮崎県,31.73083333,131.125
高原町,宮崎県,31.92833333,131.0077778
国富町,宮崎県,31.99055556,131.3236111
綾町,宮崎県,31.99916667,131.2530556
高鍋町,宮崎県,32.12833333,131.5033333
新富町,宮崎県,32.06888889,131.4877778
西米良村,宮崎県,32.22638889,131.1544444
木城町,宮崎県,32.16388889,131.4733333
川南町,宮崎県,32.19194444,131.5258333
都農町,宮崎県,32.25666667,131.5597222
門川町,宮崎県,32.470914,131.646471
諸塚村,宮崎県,32.51222222,131.3302778
椎葉村,宮崎県,32.46666667,131.1575
美郷町,宮崎県,32.44027778,131.4233333
高千穂町,宮崎県,32.71166667,131.3077778
日之影町,宮崎県,32.659465,131.380909
五ヶ瀬町,宮崎県,32.68305556,131.1961111
鹿児島市,鹿児島県,31.59694444,130.5572222
鹿屋市,鹿児島県,31.37833333,130.8522222
枕崎市,鹿児島県,31.27277778,130.2969444
阿久根市,鹿児島県,32.01444444,130.1927778
出水市,鹿児島県,32.09055556,130.3527778
指宿市,鹿児島県,31.25277778,130.6330556
西之表市,鹿児島県,30.7325,130.9975
垂水市,鹿児島県,31.49277778,130.7011111
薩摩川内市,鹿児島県,31.81333333,130.3041667
日置市,鹿児島県,31.63361111,130.4022222
曽於市,鹿児島県,31.65361111,131.0191667
霧島市,鹿児島県,31.74111111,130.7630556
いちき串木野市,鹿児島県,31.71472222,130.2719444
南さつま市,鹿児島県,31.41666667,130.3233333
志布志市,鹿児島県,31.477502,131.099836
奄美市,鹿児島県,28.37722222,129.4938889
南九州市,鹿児島県,31.37833333,130.4416667
伊佐市,鹿児島県,32.05722222,130.6130556
姶良市,鹿児島県,31.72833333,130.6277778
三島村,鹿児島県,31.59444444,130.5608333
十島村,鹿児島県,31.59305556,130.5605556
さつま町,鹿児島県,31.90638889,130.4552778
長島町,鹿児島県,32.19916667,130.1769444
湧水町,鹿児島県,31.95166667,130.7211111
大崎町,鹿児島県,31.42916667,131.0058333
東串良町,鹿児島県,31.38583333,130.9733333
錦江町,鹿児島県,31.24361111,130.7877778
南大隅町,鹿児島県,31.21722222,130.7683333
肝付町,鹿児島県,31.34472222,130.9452778
中種子町,鹿児島県,30.53305556,130.9586111
南種子町,鹿児島県,30.41361111,130.9008333
屋久島町,鹿児島県,30.389893,130.651119
大和村,鹿児島県,28.35805556,129.3952778
宇検村,鹿児島県,28.28083333,129.2975
瀬戸内町,鹿児島県,28.14638889,129.3147222
龍郷町,鹿児島県,28.41305556,129.5894444
喜界町,鹿児島県,28.31694444,129.94
徳之島町,鹿児島県,27.72666667,129.0186111
天城町,鹿児島県,27.81166,128.897749
伊仙町,鹿児島県,27.67361111,128.9375
和泊町,鹿児島県,27.39222222,128.6552778
知名町,鹿児島県,27.33361111,128.5736111
与論町,鹿児島県,27.044904,128.421675
那覇市,沖縄県,26.212295,127.679218
宜野湾市,沖縄県,26.28166667,127.7783333
石垣市,沖縄県,24.344419,124.185246
浦添市,沖縄県,26.24583333,127.7219444
名護市,沖縄県,26.59166667,127.9775
糸満市,沖縄県,26.12361111,127.6658333
沖縄市,沖縄県,26.33416667,127.8055556
豊見城市,沖縄県,26.177136,127.681225
うるま市,沖縄県,26.37916667,127.8575
宮古島市,沖縄県,24.789971,125.294752
南城市,沖縄県,26.16319,127.770625
国頭村,沖縄県,26.74583333,128.1780556
大宜味村,沖縄県,26.70166667,128.1202778
東村,沖縄県,26.63333333,128.1569444
今帰仁村,沖縄県,26.6825,127.9727778
本部町,沖縄県,26.65805556,127.8980556
恩納村,沖縄県,26.4975,127.8536111
宜野座村,沖縄県,26.48166667,127.9755556
金武町,沖縄県,26.45611111,127.9261111
伊江村,沖縄県,26.71333333,127.8072222
読谷村,沖縄県,26.39611111,127.7444444
嘉手納町,沖縄県,26.36166667,127.7552778
北谷町,沖縄県,26.32,127.7638889
北中城村,沖縄県,26.30111111,127.7930556
中城村,沖縄県,26.26201,127.789618
西原町,沖縄県,26.222856,127.758819
与那原町,沖縄県,26.19944444,127.7547222
南風原町,沖縄県,26.19111111,127.7286111
渡嘉敷村,沖縄県,26.1975,127.3644444
座間味村,沖縄県,26.22888889,127.3033333
粟国村,沖縄県,26.5825,127.2272222
渡名喜村,沖縄県,26.37222222,127.1411111
南大東村,沖縄県,25.82888889,131.2319444
北大東村,沖縄県,25.94583333,131.2988889
伊平屋村,沖縄県,27.03916667,127.9686111
伊是名村,沖縄県,26.92833333,127.9411111
久米島町,沖縄県,26.34083333,126.805
八重瀬町,沖縄県,26.15834,127.718649
多良間村,沖縄県,24.66944444,124.7016667
竹富町,沖縄県,24.33972222,124.1544444
与那国町,沖縄県,24.46805556,123.0047222
